split,count,mean_actual,mean_prediction,mean_residual,mae,rmse
test,1849476,1.295322026346922,1.233983259686298,0.06133876666062368,0.7688510654286927,1.5034019771703273
val,3653207,2.5131795159704886,2.3971329940167205,0.11604652195376762,1.1286066108752215,2.1369637448850396
overall_val_test,5502683,2.103852248076075,2.0061932437075534,0.09765900436851992,1.0076911870410186,1.947157930850992
