model,split,rmse,mae
Ridge,val,2.6256601321006836,1.34508216381073
Ridge,test,1.7201399991257709,0.8410029411315918
RandomForest,val,2.288090675680673,1.1827189306277366
RandomForest,test,1.5655076712929503,0.8080999620414748
XGBoost,val,2.232427962487599,1.1717005968093872
XGBoost,test,1.536016014785527,0.788144588470459
MLP,val,2.248593314513206,1.1688655614852905
MLP,test,1.5643003391520336,0.7924443483352661
