model,split,rmse,mae
Ridge,val,2.6254884174638473,1.3425272703170776
Ridge,test,1.720837521798099,0.8398755788803101
RandomForest,val,2.288090675680673,1.1827189306277366
RandomForest,test,1.5655076712929503,0.8080999620414748
XGBoost,val,2.2328710229357,1.1695492267608643
XGBoost,test,1.535909375760799,0.7880260348320007
MLP,val,2.244617912725281,1.1737900972366333
MLP,test,1.5607777831699456,0.7938763499259949
